<?xml version="1.0" encoding="utf-8"?>
<!--/12867534/901297/2.50/6/4/Integrated Circuit/-->
<quadcept_library>
  <setting unit="mil" />
  <textstyle name="Default" height="47.244094488189" strokewidth="7.8740157480315" charwidth="47.244094488189" />
  <textstyle name="Dimension" height="19.6850393700787" strokewidth="0" charwidth="19.6850393700787" />
  <textstyle name="H127W0635TH00762" height="50" strokewidth="3" charwidth="25" />
  <textstyle name="H15W15TH02" height="59.0551181102362" strokewidth="7.8740157480315" charwidth="59.0551181102362" />
  <padstyle name="r99_30" surface="True" plated="False" isvia="False" nopaste="False" nomask="True" complex="False" holesize="0">
    <padshape layer="TOP" shape="rectangle" width="11.811023622047" height="38.976377952755" />
    <padshape layer="TOP_SOLDER_MASK" shape="rectangle" width="19.685039370078" height="46.850393700787" />
    <padshape layer="TOP_SOLDER_PASTE" shape="rectangle" width="11.811023622047" height="38.976377952755" />
  </padstyle>
  <footprint name="USBLC62P6" originx="0" originy="0" pickpointx="0" pickpointy="0">
    <pcbpin number="1" name="1" style="r99_30" originx="-19.685039370078" originy="-31.692913385826" rotation="0" />
    <pcbpin number="2" name="2" style="r99_30" originx="0" originy="-31.692913385826" rotation="0" />
    <pcbpin number="3" name="3" style="r99_30" originx="19.685039370078" originy="-31.692913385826" rotation="0" />
    <pcbpin number="4" name="4" style="r99_30" originx="19.685039370078" originy="31.692913385826" rotation="0" />
    <pcbpin number="5" name="5" style="r99_30" originx="0" originy="31.692913385826" rotation="0" />
    <pcbpin number="6" name="6" style="r99_30" originx="-19.685039370078" originy="31.692913385826" rotation="0" />
    <line layer="TOP_ASSEMBLY" originx="-31.496062992126" originy="23.622047244094" endx="31.496062992126" endy="23.622047244094" width="7.8740157480314" />
    <line layer="TOP_ASSEMBLY" originx="31.496062992126" originy="23.622047244094" endx="31.496062992126" endy="-23.622047244094" width="7.8740157480314" />
    <line layer="TOP_ASSEMBLY" originx="31.496062992126" originy="-23.622047244094" endx="-31.496062992126" endy="-23.622047244094" width="7.8740157480314" />
    <line layer="TOP_ASSEMBLY" originx="-31.496062992126" originy="-23.622047244094" endx="-31.496062992126" endy="23.622047244094" width="7.8740157480314" />
    <line layer="TOP_PLACE_BOUND" originx="-70.866141732283" originy="90.551181102361" endx="70.866141732283" endy="90.551181102361" width="3.9370078740157" />
    <line layer="TOP_PLACE_BOUND" originx="70.866141732283" originy="90.551181102361" endx="70.866141732283" endy="-104.33070866142" width="3.9370078740157" />
    <line layer="TOP_PLACE_BOUND" originx="70.866141732283" originy="-104.33070866142" endx="-70.866141732283" endy="-104.33070866142" width="3.9370078740157" />
    <line layer="TOP_PLACE_BOUND" originx="-70.866141732283" originy="-104.33070866142" endx="-70.866141732283" endy="90.551181102361" width="3.9370078740157" />
    <line layer="TOP_SILKSCREEN" originx="-23.622047244094" originy="-62.992125984251" endx="-23.622047244094" endy="-62.992125984251" width="3.9370078740157" />
    <arc layer="TOP_SILKSCREEN" originx="-21.653543307086" originy="-62.992125984251" startangle="180.0" sweepangle="180.0" radius="1.9685039370078" width="3.9370078740157" />
    <line layer="TOP_SILKSCREEN" originx="-19.685039370078" originy="-62.992125984251" endx="-19.685039370078" endy="-62.992125984251" width="3.9370078740157" />
    <arc layer="TOP_SILKSCREEN" originx="-21.653543307086" originy="-62.992125984251" startangle=".0" sweepangle="180.0" radius="1.9685039370078" width="3.9370078740157" />
  </footprint>
  <symbol name="USBLC6-2P6" originx="0" originy="0">
    <line originx="200" originy="100" endx="1100" endy="100" width="0" />
    <line originx="1100" originy="-300" endx="1100" endy="100" width="0" />
    <line originx="1100" originy="-300" endx="200" endy="-300" width="0" />
    <line originx="200" originy="100" endx="200" endy="-300" width="0" />
    <sympin number="1" originx="200" originy="0" rotation="180" length="100" width="7.8740157480315" flipped="False">
      <text name="pinname" originx="230" originy="0" style="Default" rotation="0" justify="left" flipped="False" hidden="False" data="I/O1_1" />
      <text name="pindes" originx="140" originy="20" style="Default" rotation="0" justify="lowerright" flipped="False" hidden="False" data="1" />
    </sympin>
    <sympin number="2" originx="200" originy="-100" rotation="180" length="100" width="7.8740157480315" flipped="False">
      <text name="pinname" originx="230" originy="-100" style="Default" rotation="0" justify="left" flipped="False" hidden="False" data="GND" />
      <text name="pindes" originx="140" originy="-80" style="Default" rotation="0" justify="lowerright" flipped="False" hidden="False" data="2" />
    </sympin>
    <sympin number="3" originx="200" originy="-200" rotation="180" length="100" width="7.8740157480315" flipped="False">
      <text name="pinname" originx="230" originy="-200" style="Default" rotation="0" justify="left" flipped="False" hidden="False" data="I/O2_1" />
      <text name="pindes" originx="140" originy="-180" style="Default" rotation="0" justify="lowerright" flipped="False" hidden="False" data="3" />
    </sympin>
    <sympin number="4" originx="1100" originy="-200" rotation="0" length="100" width="7.8740157480315" flipped="False">
      <text name="pinname" originx="1070" originy="-200" style="Default" rotation="0" justify="right" flipped="False" hidden="False" data="I/O2_2" />
      <text name="pindes" originx="1160" originy="-180" style="Default" rotation="0" justify="lowerleft" flipped="False" hidden="False" data="4" />
    </sympin>
    <sympin number="5" originx="1100" originy="-100" rotation="0" length="100" width="7.8740157480315" flipped="False">
      <text name="pinname" originx="1070" originy="-100" style="Default" rotation="0" justify="right" flipped="False" hidden="False" data="VBUS" />
      <text name="pindes" originx="1160" originy="-80" style="Default" rotation="0" justify="lowerleft" flipped="False" hidden="False" data="5" />
    </sympin>
    <sympin number="6" originx="1100" originy="0" rotation="0" length="100" width="7.8740157480315" flipped="False">
      <text name="pinname" originx="1070" originy="0" style="Default" rotation="0" justify="right" flipped="False" hidden="False" data="I/O1_2" />
      <text name="pindes" originx="1160" originy="20" style="Default" rotation="0" justify="lowerleft" flipped="False" hidden="False" data="6" />
    </sympin>
  </symbol>
  <component name="USBLC6-2P6" designatorprefix="IC" height="23.622047244094" footprint="USBLC62P6">
    <comppin designator="1" sympin="1" pinswap="0" gateswap="0" gate="1" group="1" side="" type="Any" name="I/O1_1" />
    <comppin designator="2" sympin="2" pinswap="0" gateswap="0" gate="1" group="1" side="" type="Any" name="GND" />
    <comppin designator="3" sympin="3" pinswap="0" gateswap="0" gate="1" group="1" side="" type="Any" name="I/O2_1" />
    <comppin designator="4" sympin="4" pinswap="0" gateswap="0" gate="1" group="1" side="" type="Any" name="I/O2_2" />
    <comppin designator="5" sympin="5" pinswap="0" gateswap="0" gate="1" group="1" side="" type="Any" name="VBUS" />
    <comppin designator="6" sympin="6" pinswap="0" gateswap="0" gate="1" group="1" side="" type="Any" name="I/O1_2" />
    <attached_symbol gate="1" name="USBLC6-2P6" />
    <pinmap designator="1" footprintpin="1" />
    <pinmap designator="2" footprintpin="2" />
    <pinmap designator="3" footprintpin="3" />
    <pinmap designator="4" footprintpin="4" />
    <pinmap designator="5" footprintpin="5" />
    <pinmap designator="6" footprintpin="6" />
    <text name="Datasheet" originx="0" originy="0" style="Default" rotation="0" justify="" flipped="False" hidden="True" data="https://datasheet.lcsc.com/szlcsc/STMicroelectronics-USBLC6-2P6_C15999.pdf" />
    <text name="Description" originx="0" originy="0" style="Default" rotation="0" justify="" flipped="False" hidden="True" data="ESD Suppressors / TVS Diodes High Speed Interface Protection Low Cap" />
    <text name="Mouser Part Number" originx="0" originy="0" style="Default" rotation="0" justify="" flipped="False" hidden="True" data="511-USBLC6-2P6" />
    <text name="Mouser Price/Stock" originx="0" originy="0" style="Default" rotation="0" justify="" flipped="False" hidden="True" data="https://www.mouser.co.uk/ProductDetail/STMicroelectronics/USBLC6-2P6?qs=6ARB0lp6jlViGcbUSvj1Mw%3D%3D" />
    <text name="Manufacturer_Name" originx="0" originy="0" style="Default" rotation="0" justify="" flipped="False" hidden="True" data="STMicroelectronics" />
    <text name="Manufacturer_Part_Number" originx="1150" originy="200" style="Default" rotation="0" justify="left" flipped="False" hidden="False" data="USBLC6-2P6" />
  </component>
</quadcept_library>
